{"mse/train": 0.46784546971321106, "_timestamp": 1704454275.1983218, "_runtime": 26.631319761276245, "_step": 100, "_wandb": {"runtime": 25}}