{"mse/train": 0.4701603949069977, "_timestamp": 1704455342.947863, "_runtime": 17.861896991729736, "_step": 100, "_wandb": {"runtime": 17}}