{"mse/train": 0.08933708816766739, "_timestamp": 1704455074.542186, "_runtime": 21.496598958969116, "_step": 100, "_wandb": {"runtime": 20}}